name,alternative-fr,alternative-nl,alternative-de,alternative-en,country-code,longitude,latitude,avg_stop_times
Aalst,Alost,,,,be,4.039653,50.942813,88.26300578
Aalst-Kerrebroek,,,,,be,4.024407,50.948377,7.297687861
Aalter,,,,,be,3.447848,51.092295,78.48843931
Aarschot,,,,,be,4.824043,50.984406,123.800578
Aarsele,,,,,be,3.418363,50.98446,2.476878613
Acren,,Akren,,,be,3.847086,50.733095,27.1416185
Aiseau,,,,,be,4.584552,50.429529,16.47398844
Alken,,,,,be,5.292866,50.886837,37.95375723
Amay,,,,,be,5.32049,50.546011,21.65317919
Ampsin,,,,,be,5.289729,50.539215,21.65317919
Andenne,,,,,be,5.094699,50.496759,55.0433526
Angleur,,,,,be,5.599695,50.613152,87.1300578
Ans,,,,,be,5.509704,50.661208,53.23988439
Anseremme,,,,,be,4.90553,50.238023,18.15606936
Antoing,,,,,be,3.451309,50.569626,31.72543353
Antwerpen-Berchem,Anvers-Berchem,,,Antwerp-Berchem,be,4.432221,51.19923,421.6445087
Antwerpen-Centraal,Anvers-Central,,,Antwerp-Central,be,4.421101,51.2172,467.982659
Antwerpen-Haven,Anvers-Haven,,,Antwerp-Haven,be,4.379086,51.289968,0
Antwerpen-Luchtbal,Anvers-Luchtbal,,,Antwerp-Luchtbal,be,4.425029,51.244132,48.54046243
Antwerpen-Noorderdokken,Anvers-Noorderdokken,,,Antwerp-Noorderdokken,be,4.427906,51.261643,22.24277457
Antwerpen-Oost,Anvers-Est,,,Antwerp-East,be,4.436392,51.207357,0
Antwerpen-Zuid,Anvers-Sud,,,Antwerp-South,be,4.390259,51.197828,71.19364162
Anzegem,,,,,be,3.495014,50.826385,22.65028902
Appelterre,,,,,be,3.972108,50.813063,26.86416185
Archennes,,Eerken,,,be,4.662444,50.754345,49.89595376
Arlon,,Aarlen,Arel,,be,5.809971,49.68053,85.71387283
Asse,,,,,be,4.207985,50.906488,38.58959538
Assesse,,,,,be,5.022839,50.368133,27.20520231
Ath,,Aat,,,be,3.777429,50.626932,66.29479769
Athus,,,Athem,,be,5.828947,49.563346,93.33815029
Aubange,,,,,be,5.79806,49.564093,18
Auvelais,,,,,be,4.630532,50.449197,37.87283237
Aye,,,,,be,5.301091,50.224135,19.11271676
Aywaille,,,,,be,5.672499,50.472938,20.53757225
Baasrode-Zuid,Baesrode-Sud,,,,be,4.153492,51.019437,17.02023121
Balegem-Dorp,,,,,be,3.791425,50.919612,26.70809249
Balegem-Zuid,,,,,be,3.80587,50.90051,20.17630058
Balen,Baelen,,,,be,5.164986,51.169099,28.39306358
Bambrugge,,,,,be,3.935711,50.913769,7.297687861
Barvaux,,,,,be,5.501542,50.349417,25.34682081
Bas-Oha,,,,,be,5.190937,50.52263,24.32080925
Basse-Wavre,,,,,be,4.621651,50.72442,50.13872832
Bastogne-Nord,,Bastenaken-Noord,,,be,5.720744,50.006919,0
Bastogne-Sud,,Bastenaken-Zuid,,,be,5.709858,49.999737,0
Beauraing,,,,,be,4.95684,50.11443,16.17630058
Beernem,,,,,be,3.329892,51.128009,29.76589595
Beersel,,,,,be,4.302605,50.766616,37.74277457
Beervelde,,,,,be,3.879384,51.08753,11.97398844
Begijnendijk,,,,,be,4.800338,51.021972,29.92196532
Beignée,,,,,be,4.406305,50.333893,10.28901734
Bellem,,,,,be,3.487374,51.083908,25.86705202
Belsele,,,,,be,4.088608,51.150994,39.11849711
Sint-Agatha-Berchem/Berchem-Sainte-Agathe,Berchem-Sainte-Agathe,Sint-Agatha-Berchem,,,be,4.289895,50.872625,39.12138728
Beringen,,,,,be,5.235892,51.050603,28.39306358
Berlaar,,,,,be,4.638811,51.113662,29.92196532
Bertrix,,,,,be,5.267193,49.852835,37.39017341
Berzée,,,,,be,4.405909,50.285603,33.21676301
Beuzet,,,,,be,4.748533,50.534208,30.82080925
Beveren,,,,,be,4.25952,51.208336,48.20809249
Beverlo,,,,,be,5.234373,51.087719,28.39306358
Bierges-Walibi,,,,,be,4.594746,50.707772,56.02601156
Bierset-Awans,,,,,be,5.460551,50.65861,30.34682081
Bilzen,,,,,be,5.50938,50.868643,49.94508671
Binche,,,,,be,4.172451,50.408764,26.71387283
Bissegem,,,,,be,3.224205,50.825845,22.44508671
Blankenberge,,,,,be,3.133864,51.312432,21.41618497
Blanmont,,,,,be,4.636393,50.619453,31.50867052
Blaton,,,,,be,3.666304,50.505461,31.72543353
Bleret,,,,,be,5.286394,50.685065,21.08381503
Bockstael,,,,,be,4.348513,50.87943,58.47398844
Boechout,,,,,be,4.494489,51.16348,42.58092486
Bosvoorde/Boitsfort,Boitsfort,Bosvoorde,,,be,4.408112,50.794698,31.94797688
Bokrijk,,,,,be,5.408386,50.955812,39.47687861
Bomal,,,,,be,5.519304,50.376798,25.34682081
Booischot,,,,,be,4.773478,51.037344,29.92196532
Boom,,,,,be,4.360694,51.090713,15.45086705
Boondaal/Boondael,Boondael,Boondaal,,,be,4.393387,50.801665,59.68208092
Boortmeerbeek,,,,,be,4.5739,50.981853,43.94219653
Bordet,,,,,be,4.410026,50.877785,20.7716763
Bornem,,,,,be,4.240526,51.099225,24.45375723
Boussu,,,,,be,3.797025,50.436388,24.67052023
Bouwel,,,,,be,4.746511,51.165764,29.56936416
Bracquegnies,,,,,be,4.126345,50.474457,25.8583815
Braine-l'Alleud,,Eigenbrakel,,,be,4.375526,50.684778,98.78612717
Braine-le-Comte,,'s Gravenbrakel,,,be,4.137662,50.605079,160.1416185
Bressoux,,,,,be,5.611057,50.643967,35.62716763
Brugelette,,,,,be,3.852551,50.594229,26.03757225
Brugge,Bruges,,,,be,3.216726,51.197226,164.4190751
Brugge-Sint-Pieters,Bruges-Saint-Pierre,,,,be,3.201795,51.223115,13.26300578
Brussel-Centraal/Bruxelles-Central,Bruxelles-Central,Brussel-Centraal,,Brussels-Central,be,4.356801,50.845658,634.1647399
Brussel-Congres/Bruxelles-Congrès,Bruxelles-Congrès,Brussel-Congres,,Brussels-Congres,be,4.362051,50.852067,20.58092486
Brussel-Kapellekerk/Bruxelles-Chapelle,Bruxelles-Chapelle,Brussel-Kapellekerk,,Brussels-Chapelle/Brussels-Kapellekerk,be,4.347866,50.841127,10.97687861
Brussel-Luxemburg/Bruxelles-Luxembourg,Bruxelles-Luxembourg,Brussel-Luxemburg,,Brussels-Luxemburg/Brussels-Luxembourg,be,4.373674,50.838943,142.6011561
Brussels Airport - Zaventem,,,,,be,4.482076,50.896456,171.0202312
Brussel-Noord/Bruxelles-Nord,Bruxelles-Nord,Brussel-Noord,,Brussels-North,be,4.360846,50.859663,640.265896
Brussel-Schuman/Bruxelles-Schuman,Bruxelles-Schuman,Brussel-Schuman,,Brussels-Schuman,be,4.380722,50.843276,97.34971098
Brussel-West/Bruxelles-Ouest,Bruxelles-Ouest,Brussel-West,,Brussels-West,be,4.321042,50.848552,19.43352601
Brussel-Zuid/Bruxelles-Midi,Bruxelles-Midi,Brussel-Zuid,,Brussels-South/Brussels-Midi,be,4.336531,50.835707,686.6156069
Buda,,,,,be,4.417074,50.907495,10.28323699
Buggenhout,,,,,be,4.201666,51.016291,23.02312139
Buizingen,,,,,be,4.258558,50.751577,49.05491329
Burst,,,,,be,3.922416,50.907198,39.51445087
Callenelle,,,,,be,3.52618,50.527359,4.947976879
Cambron-Casteau,,,,,be,3.874809,50.586759,26.7283237
Carlsbourg,,,,,be,5.092784,49.905458,16.57514451
Carnieres,,,,,be,4.263826,50.447957,26.02312139
Ceroux-Mousty,,,,,be,4.569046,50.659941,20.16184971
Chapelle-Dieu,,,,,be,4.697627,50.557374,4.841040462
Chapois,,,,,be,5.124255,50.262366,19.11271676
Charleroi-Ouest,,Charleroi-West,,,be,4.436653,50.410948,20.16184971
Charleroi-Sud,,Charleroi-Zuid,,,be,4.438567,50.40471,213.7456647
Chastre,,,,,be,4.648888,50.608819,31.50867052
Château-de-Seilles,,,,,be,5.081745,50.497209,24.32080925
Châtelet,,,,,be,4.521861,50.410103,37.87861272
Chênée,,,,,be,5.616073,50.608019,33.01445087
Ciney,,,,,be,5.091409,50.29105,43.64450867
Comblain-la-Tour,,,,,be,5.566956,50.456865,25.34682081
Comines,,Komen,,,be,2.999286,50.772072,22.44508671
Coo,,,,,be,5.880473,50.391127,20.53757225
Couillet,,,,,be,4.46851,50.392718,14.03468208
Cour-sur-Heure,,,,,be,4.391491,50.300138,15.18208092
Courcelles-Motte,,,,,be,4.400534,50.462007,30.09248555
Courrière,,,,,be,4.996051,50.387442,27.20520231
Court-Saint-Étienne,,,,,be,4.565819,50.645567,20.16184971
Couvin,,,,,be,4.491702,50.056324,31.19364162
Dave-Saint-Martin,,,,,be,4.884414,50.429098,27.20520231
De Hoek,,,,,be,4.370717,50.738812,21.7283237
De Panne,La Panne,,,,be,2.601963,51.0774,19.82369942
De Pinte,,,,,be,3.650465,50.997063,66.78901734
Deinze,,,,,be,3.534432,50.978258,44.72254335
Delta,,,,,be,4.403869,50.818357,20.7716763
Denderleeuw,,,,,be,4.071825,50.891925,156.1300578
Dendermonde,Termonde,,,,be,4.101427,51.022781,101.8728324
Diegem,,,,,be,4.442774,50.890478,72.32947977
Diepenbeek,,,,,be,5.419947,50.910452,49.94508671
Diesdelle/Vivier d'Oie,Vivier d'Oie,Diesdelle,,,be,4.374052,50.796145,59.68208092
Diest,,,,,be,5.050031,50.993341,84.91907514
Diksmuide,Dixmude,,,,be,2.868943,51.032723,19.82369942
Dilbeek,,,,,be,4.243393,50.866728,39.12138728
Dinant,,,,,be,4.908182,50.260721,38.52023121
Dolhain-Gileppe,,,,,be,5.936494,50.616244,22.12427746
Dortmund Hbf,,,,,de,7.459293,51.517898,
Drongen,,,,,be,3.655202,51.047295,29.39884393
Duffel,,,,,be,4.493186,51.091243,31.93930636
Duinbergen,,,,,be,3.263587,51.338195,19.67052023
Écaussinnes,,,,,be,4.156639,50.56239,49.30346821
Ede,,,,,be,3.987524,50.911054,23.30057803
Enghien,,Edingen,,,be,4.047357,50.697273,57.18786127
Eeklo,,,,,be,3.574515,51.181333,20.71098266
Eichem,,,,,be,3.993745,50.823994,26.86416185
Eine,,,,,be,3.623776,50.870432,24.41618497
Eke-Nazareth,,,,,be,3.627839,50.960774,24.41618497
Ekeren,,,,,be,4.434154,51.281626,45.69653179
Engis,,,,,be,5.401986,50.582957,21.65317919
Eppegem,,,,,be,4.45749,50.9584,51.23988439
Erbisœul,Erbisoeul,Erbisoeul,Erbisoeul,Erbisoeul,be,3.887987,50.507025,25.56358382
Erembodegem,,,,,be,4.055447,50.919621,59.87861272
Ernage,,,,,be,4.668538,50.590823,31.50867052
Erpe-Mere,,,,,be,3.962463,50.928601,7.297687861
Erps-Kwerps,,,,,be,4.585001,50.89651,49.15317919
Erquelinnes,,,,,be,4.113562,50.304192,20.73410405
Erquelinnes-Village,,,,,be,4.132314,50.310179,20.73410405
Esneux,,,,,be,5.572565,50.530568,25.43930636
Essen,,,,,be,4.451314,51.462767,45.69653179
Essene-Lombeek,,,,,be,4.115171,50.882451,39.14450867
Etterbeek,,,,,be,4.389513,50.822187,102.765896
Eupen,,,,,be,6.03711,50.635157,18.21676301
Evere,,,,,be,4.400965,50.86778,20.7716763
Evergem,,,,,be,3.70138,51.107585,20.71098266
Ezemaal,,,,,be,4.994217,50.772126,18.13872832
Familleureux,,,,,be,4.211581,50.519358,21.55780347
Farciennes,,,,,be,4.564138,50.435246,16.47398844
Faux,,,,,be,4.54926,50.621826,20.16184971
Fexhe-le-Haut-Clocher,,,,,be,5.398453,50.664049,30.34682081
Flawinne,,,,,be,4.806298,50.456236,16.42774566
Flemalle-Grande,,,,,be,5.480983,50.605349,25.46820809
Flemalle-Haute,,,,,be,5.457656,50.595308,56.19075145
Fleurus,,,,,be,4.543741,50.481927,20.16184971
Florée,,,,,be,5.056099,50.357786,0
Floreffe,,,,,be,4.762368,50.443328,16.42774566
Florenville,,,,,be,5.331115,49.706967,18.57225434
Florival,,,,,be,4.653868,50.761501,49.89595376
Fontaine-Valmont,,,,,be,4.212785,50.321164,20.73410405
Forchies,,,,,be,4.325384,50.433314,26.02312139
Vorst-Oost/Forest-Est,Forest-Est,Vorst-Oost,,,be,4.320943,50.810195,21.7283237
Vorst-Zuid/Forest-Midi,Forest-Midi,Vorst-Zuid,,,be,4.309167,50.809215,49.05491329
Forrières,,,,,be,5.276784,50.132759,18.94219653
Fraipont,,,,,be,5.723665,50.565059,33.01445087
Frameries,,,,,be,3.906586,50.405932,22.15606936
Franchimont,,,,,be,5.822223,50.525723,21.78323699
Franière,,,,,be,4.733548,50.439543,16.42774566
Froyennes,,,,,be,3.354837,50.62989,50.0433526
Galmaarden,Gammerages,,,,be,3.965726,50.743918,21.73699422
Gastuche,,,,,be,4.649598,50.736646,49.89595376
Gavere-Asper,,,,,be,3.639732,50.930021,24.41618497
Gedinne,,,,,be,4.978073,49.984123,16.57514451
Geel,,,,,be,4.988608,51.168955,45.52890173
Gembloux,,,,,be,4.691497,50.570489,84.80635838
Gendron-Celles,,,,,be,4.964607,50.211235,18.15606936
Genk,,,,,be,5.497685,50.967057,39.47687861
Genly,,,,,be,3.911638,50.390642,22.15606936
Gent-Dampoort,Gand-Dampoort,,,Ghent-Dampoort,be,3.740591,51.056365,80.53468208
Gent-Sint-Pieters,Gand-Saint-Pierre,,,Ghent-Sint-Pieters,be,3.710675,51.035896,309.0144509
Gentbrugge,,,,,be,3.756322,51.038647,21.44508671
Genval,,,,,be,4.514832,50.725697,30.73410405
Geraardsbergen,Grammont,,,,be,3.872328,50.771137,90.17052023
Ghlin,,,,,be,3.906343,50.487411,21.57225434
Glons,,Glaaien,,,be,5.535431,50.750426,28.29768786
Godarville,,,,,be,4.290308,50.492795,28.72254335
Godinne,,,,,be,4.86996,50.348914,34.16763006
Gontrode,,,,,be,3.801672,50.980199,26.70809249
Gouvy,,,,,be,5.953906,50.189409,24.28901734
Gouy-lez-Pieton,,,,,be,4.325123,50.497065,28.72254335
Graide,,,,,be,5.043047,49.934134,16.57514451
Groenendaal,Groenendael,,,,be,4.449489,50.766103,20.00578035
Groot-Bijgaarden,Grand-Bigard,,,,be,4.273543,50.868337,39.12138728
Grupont,,,,,be,5.280524,50.0906,18.94219653
Haacht,,,,,be,4.613309,50.966428,43.94219653
Haaltert,,,,,be,4.023958,50.906838,28.91907514
Habay,,,,,be,5.632685,49.718249,19.02890173
Hainin,,,,,be,3.766893,50.428019,24.67052023
Halanzy,,,,,be,5.741347,49.5562,18
Halle,Hal,,,,be,4.240634,50.733931,182.0982659
Ham-sur-Heure,,,,,be,4.404696,50.319555,15.18208092
Ham-sur-Sambre,,,,,be,4.669392,50.45255,2.219653179
Hambos,,,,,be,4.66301,50.944251,13.31791908
Hamoir,,,,,be,5.533561,50.428181,25.34682081
Hamont,,,,,be,5.543279,51.246424,17.32947977
Hansbeke,,,,,be,3.536212,51.073202,28.02312139
Harchies,,,,,be,3.698764,50.482565,4.947976879
Harelbeke,,,,,be,3.314008,50.85586,26.54913295
Haren,,,,,be,4.419978,50.888878,19.30346821
Haren-Sud/Haren-Zuid,Haren-Sud,Haren-Zuid,,,be,4.415357,50.889696,49.15317919
Hasselt,,,,,be,5.327627,50.930822,180.5982659
Haute-Flône,,,,,be,5.330333,50.55349,21.65317919
Haversin,,,,,be,5.194371,50.249044,19.11271676
Havre,,,,,be,4.059987,50.470754,25.8583815
Heide,,,,,be,4.460483,51.364623,45.69653179
Heist,,,,,be,3.239181,51.333979,19.67052023
Heist-op-den-Berg,,,,,be,4.708235,51.074146,53.06069364
Heizijde,,,,,be,4.156171,50.989593,36.34104046
Hemiksem,,,,,be,4.338293,51.136243,15.45086705
Hennuyères,,,,,be,4.175893,50.651005,49.05491329
Herent,,,,,be,4.672188,50.90353,50.62138728
Herentals,,,,,be,4.829535,51.181513,101.3092486
Hergenrath,,,,,be,6.041335,50.718209,20.72254335
Herne,,,,,be,4.014573,50.723701,21.73699422
Herseaux,,,,,be,3.245959,50.713894,26.2283237
Herstal,,,,,be,5.622761,50.660911,107.2716763
Herzele,,,,,be,3.880616,50.89722,28.91907514
Heusden,,,,,be,5.281782,51.038207,28.39306358
Hever,,,,,be,4.537637,50.997791,17.77456647
Heverlee,,,,,be,4.6952,50.86253,49.98554913
Hillegem,,,,,be,3.857469,50.891296,18.1734104
Hoboken-Polder,,,,,be,4.347785,51.182699,15.45086705
Hoeilaart,,,,,be,4.467414,50.760161,18.28323699
Hofstade,,,,,be,4.498336,50.988658,9.315028902
Holleken,,,,,be,4.353952,50.767631,21.7283237
Hony,,,,,be,5.573563,50.539917,25.43930636
Houraing,,,,,be,3.835175,50.703062,27.1416185
Hourpes,,,,,be,4.308736,50.363692,17.31213873
Houyet,,,,,be,5.006074,50.189868,18.15606936
Hove,,,,,be,4.465157,51.154114,31.93930636
Huizingen,,,,,be,4.266487,50.7519,37.74277457
Huy,,Hoei,,,be,5.234211,50.527242,58.32947977
Iddergem,,,,,be,4.06849,50.876886,26.86416185
Idegem,,,,,be,3.921553,50.801871,26.86416185
Ieper,Ypres,,,,be,2.876593,50.847402,22.44508671
Ingelmunster,,,,,be,3.255416,50.914326,33.20231214
Izegem,,,,,be,3.212088,50.921149,35.27456647
Jambes,,,,,be,4.876144,50.454843,45.24277457
Jambes-Est,,,,,be,4.880261,50.454798,27.20520231
Jamioulx,,,,,be,4.411294,50.352896,15.18208092
Jemappes,,,,,be,3.885587,50.452577,58.34104046
Jemelle,,,,,be,5.266698,50.160401,42.75433526
Jemeppe-sur-Meuse,,,,,be,5.497874,50.618446,25.46820809
Jemeppe-sur-Sambre,,,,,be,4.662632,50.45095,41.52890173
Jette,,,,,be,4.32622,50.880833,95.67630058
Jurbeke,Jurbise,,,,be,3.910694,50.530496,88.51156069
Juslenville,,,,,be,5.809935,50.544717,21.78323699
Kalmthout,,,,,be,4.46682,51.391177,45.69653179
Kapelle-op-den-Bos,,,,,be,4.359121,51.010843,23.02312139
Kapellen,,,,,be,4.432661,51.313528,45.69653179
Kessel,,,,,be,4.618459,51.151057,29.56936416
Kiewit,,,,,be,5.350226,50.954841,39.47687861
Kijkuit,,,,,be,4.467315,51.378664,22.24277457
Knokke,,,,,be,3.285188,51.339894,19.67052023
Koksijde,Coxyde,,,,be,2.65277,51.079197,19.82369942
Kontich,,,,,be,4.476358,51.134023,31.93930636
Kortemark,,,,,be,3.043459,51.025244,19.82369942
Kortenberg,,,,,be,4.543301,50.893067,50.62138728
Kortrijk,Courtrai,,,,be,3.264549,50.824506,153.1156069
Kwatrecht,Quatrecht,,,,be,3.829593,50.99175,23.00289017
La Hulpe,,Terhulpen,,,be,4.49706,50.737958,30.73410405
La Louvière-Centre,,La Louvière-Centrum,,,be,4.179858,50.478161,55.44508671
La Louvière-Sud,,La Louvière-Zuid,,,be,4.190609,50.464974,113.4624277
La Roche (Brabant),,,,,be,4.539157,50.610338,20.16184971
Labuissière,,,,,be,4.186833,50.316328,20.73410405
Landegem,,,,,be,3.576852,51.064311,29.77745665
Landelies,,,,,be,4.350976,50.377311,20.73410405
Landen,,,,,be,5.07966,50.747927,87.50867052
Landskouter,,,,,be,3.791146,50.970545,20.17630058
Langdorp,,,,,be,4.863541,51.002466,32.47398844
Le Campinaire,,,,,be,4.552586,50.428936,14.03468208
Lebbeke,,,,,be,4.134372,51.005009,38.79190751
Lede,,,,,be,3.984981,50.970895,40.15895954
Leignon,,,,,be,5.107778,50.267768,19.11849711
Leman,,,,,be,5.468309,50.600396,21.87861272
Lembeek,,,,,be,4.221577,50.715107,49.05491329
Lens,,,,,be,3.903224,50.559342,26.03757225
Leopoldsburg,Bourg-Léopold,,,,be,5.257287,51.117312,28.39306358
Lessen,Lessines,Lessen,Lessines,Lessines,be,3.836434,50.712015,27.1416185
Leuven,Louvain,,Löwen,,be,4.715866,50.88228,351.916185
Leuze,,,,,be,3.616872,50.600612,35.08381503
Leval,,,,,be,4.211041,50.430797,26.71387283
Libramont,,,,,be,5.37927,49.920434,92.46531792
Lichtervelde,,,,,be,3.127212,51.025163,53.09537572
Liedekerke,,,,,be,4.095287,50.882531,82.96531792
Liège-Guillemins,,Luik-Guillemins,,,be,5.566695,50.62455,269.1242775
Liège-Jonfosse,,Luik-Jonfosse,,,be,5.561131,50.640299,137.3843931
Liège-Palais,,Luik-Paleis,,,be,5.570453,50.646349,137.3843931
Lier,Lierre,,,,be,4.560614,51.135758,154.4132948
Lierde,,,,,be,3.826564,50.816236,28.73988439
Liers,,,,,be,5.56683,50.698181,74.13294798
Ligny,,,,,be,4.566133,50.511726,20.16184971
Lillois,,,,,be,4.365368,50.645423,48.87283237
Limal,,,,,be,4.575302,50.69214,51.95086705
Linkebeek,,,,,be,4.339434,50.773681,51.32947977
Lissewege,,,,,be,3.194505,51.294714,13.26300578
Lobbes,,,,,be,4.260958,50.346469,20.73410405
Lodelinsart,,,,,be,4.462946,50.432451,20.16184971
Lokeren,,,,,be,3.987794,51.108062,103.9566474
Lommel,,,,,be,5.312031,51.211564,18.5433526
Londerzeel,,,,,be,4.299073,51.009091,36.34104046
Lonzée,,,,,be,4.7201,50.551935,30.82080925
Lot,,,,,be,4.273696,50.766364,49.05491329
Louvain-la-Neuve-Université,,,,,be,4.615745,50.669793,79.94219653
Lustin,,,,,be,4.877241,50.391559,34.16763006
Luttre,,,,,be,4.38412,50.505856,101.9624277
Maffle,,,,,be,3.800117,50.614356,26.03757225
Malderen,,,,,be,4.22911,51.014484,23.02312139
Manage,,,,,be,4.234683,50.506108,51.91618497
Marbehan,,,,,be,5.539755,49.727337,38.19942197
Marche-en-Famenne,,,,,be,5.346289,50.222472,25.34682081
Marche-les-Dames,,,,,be,4.96458,50.480741,24.32080925
Marche-lez-Écaussinnes,,,,,be,4.177098,50.546173,21.55780347
Marchienne-au-Pont,,,,,be,4.394223,50.412171,123.6069364
Marchienne-Zone,,,,,be,4.388767,50.397465,20.73410405
Maria-Aalter,,,,,be,3.38673,51.107612,25.86705202
Mariembourg,,,,,be,4.525691,50.09549,31.23988439
Marloie,,,,,be,5.313892,50.202821,65.36705202
Masnuy-Saint-Pierre,,,,,be,3.962139,50.536546,18.57225434
Maubray,,,,,be,3.495527,50.547557,4.947976879
Mazy,,,,,be,4.675829,50.513497,4.841040462
Mechelen,Malines,,,,be,4.482785,51.017648,306.5231214
Mechelen-Nekkerspoel,Malines-Nekkerspoel,,,,be,4.489914,51.029883,91.37283237
Meiser,,,,,be,4.394421,50.854072,20.7716763
Melkouwen,,,,,be,4.671532,51.094938,29.92196532
Melle,,,,,be,3.797088,51.002807,64.19075145
Melreux-Hotton,,,,,be,5.440136,50.28367,25.34682081
Melsele,,,,,be,4.286766,51.21071,30.43352601
Menen,Menin,,,,be,3.113791,50.799489,22.44508671
Merchtem,,,,,be,4.222718,50.954958,38.58959538
Merelbeke,,,,,be,3.768889,51.017531,64.19075145
Merode,,,,,be,4.398934,50.839284,20.7716763
Méry,,,,,be,5.587236,50.54762,25.43930636
Messancy,,,,,be,5.818915,49.592777,14.51734104
Mevergnies-Attre,,,,,be,3.833917,50.600108,21.67630058
Michelau,,,,,lu,6.09251,49.89644,
Milmort,,,,,be,5.60009,50.692455,74.13294798
Moensberg,,,,,be,4.330733,50.77832,37.74277457
Mouscron,,Moeskroen,,,be,3.228448,50.741005,55.43352601
Mol,,,,,be,5.116336,51.19105,59.75144509
Mollem,,,,,be,4.216965,50.933473,36.13872832
Momalle,,,,,be,5.367602,50.66991,30.34682081
Mons,,Bergen,,,be,3.942542,50.453854,146.6965318
Mont-Saint-Guibert,,,,,be,4.613884,50.637611,31.50867052
Moortsele,,,,,be,3.781339,50.953519,26.70809249
Morlanwelz,,,,,be,4.247367,50.457998,26.02312139
Mortsel,,,,,be,4.448437,51.18296,67.68786127
Mortsel-Deurnesteenweg,,,,,be,4.446514,51.183023,6.829479769
Mortsel-Liersesteenweg,,,,,be,4.468843,51.169027,25.10693642
Mortsel-Oude God,,,,,be,4.455737,51.171256,64.89306358
Moustier,,,,,be,4.693807,50.452748,16.42774566
Muizen,,,,,be,4.513843,51.008201,32.61560694
Munkzwalm,,,,,be,3.733238,50.875673,28.58959538
Namêche,,,,,be,4.997939,50.47043,24.32080925
Namur,,Namen,,,be,4.86222,50.468794,202.1878613
Naninne,,,,,be,4.929756,50.419695,27.20520231
Natoye,,,,,be,5.06116,50.343296,3.624277457
Neerpelt,,,,,be,5.43717,51.222369,18.5433526
Neerwinden,,,,,be,5.036323,50.763964,18.13872832
Nessonvaux,,,,,be,5.741581,50.572089,33.01445087
Neufchâteau,,,,,be,5.452559,49.854318,19.02890173
Neufvilles,,,,,be,4.010672,50.543602,18.57225434
Niel,,,,,be,4.338589,51.111595,15.45086705
Nieuwkerken-Waas,,,,,be,4.185907,51.185612,30.43352601
Nijlen,,,,,be,4.666588,51.15984,29.56936416
Nimy,,,,,be,3.956089,50.471644,25.8583815
Ninove,,,,,be,4.026133,50.839509,29.24566474
Nivelles,,Nijvel,,,be,4.335065,50.599641,96.32947977
Noorderkempen,,,,,be,4.632204,51.356838,26.29768786
Nossegem,,,,,be,4.506112,50.883314,49.15317919
Obaix-Buzet,,,,,be,4.36357,50.535206,21.86416185
Obourg,,,,,be,4.007804,50.469873,21.24277457
Okegem,,,,,be,4.054557,50.857712,26.86416185
Olen,,,,,be,4.847585,51.188057,45.52890173
Oostende,Ostende,,,,be,2.925809,51.228212,59.89595376
Oostkamp,,,,,be,3.257466,51.154114,25.86705202
Opwijk,,,,,be,4.187319,50.974779,38.79190751
Ottignies,,,,,be,4.56936,50.673667,253.4710983
Oud-Heverlee,,,,,be,4.653311,50.835931,49.89595376
Oudegem,,,,,be,4.064472,51.01523,15.07514451
Oudenaarde,Audenarde,,,,be,3.600386,50.850116,82.91618497
Overpelt,,,,,be,5.422751,51.215618,18.5433526
Paliseul,,,,,be,5.118349,49.895408,16.57514451
Papegem,Papignies,Papegem,Papignies,Papignies,be,3.823408,50.686585,27.1416185
Pécrot,,,,,be,4.651486,50.778517,49.89595376
Pepinster,,,,,be,5.80615,50.568179,62.93641618
Pepinster-Cité,,,,,be,5.804397,50.563405,21.78323699
Péruwelz,,,,,be,3.592772,50.513704,31.72543353
Philippeville,,,,,be,4.535956,50.191639,31.23988439
Piéton,,,,,be,4.288438,50.434959,26.02312139
Poix-Saint-Hubert,,,,,be,5.292641,50.019504,18.94219653
Pont-à-Celles,,,,,be,4.355291,50.513812,28.72254335
Pont-de-Seraing,,,,,be,5.510162,50.619651,25.46820809
Poperinge,,,,,be,2.736343,50.854449,22.44508671
Poulseur,,,,,be,5.578858,50.509209,45.97687861
Profondsart,,,,,be,4.549153,50.693758,18.28323699
Pry,,,,,be,4.428805,50.269278,10.28901734
Puurs,,,,,be,4.282703,51.07722,43.31791908
Quaregnon,,,,,be,3.856543,50.449827,58.34104046
Quevy,,,,,be,3.909489,50.341534,22.15606936
Quievrain,,,,,be,3.68608,50.410103,24.67052023
Rebaix,,,,,be,3.793627,50.661235,27.1416185
Remicourt,,,,,be,5.321407,50.678611,30.34682081
Ronse,Renaix,,,,be,3.602552,50.742506,17.48554913
Rhisnes,,,,,be,4.801866,50.499348,30.82080925
Sint-Genesius-Rode,Rhode-Saint-Genèse,,,,be,4.361997,50.74781,51.69653179
Rivage,,,,,be,5.587631,50.483285,45.97687861
Rixensart,,,,,be,4.532855,50.711413,30.73410405
Roeselare,Roulers,,,,be,3.130412,50.949025,35.27456647
Ronet,,,,,be,4.82842,50.457737,16.42774566
Roux,,,,,be,4.393199,50.443112,30.09248555
Ruisbroek,,,,,be,4.295333,50.79183,49.05491329
Ruisbroek-Sauvegarde,,,,,be,4.324998,51.081022,15.45086705
Saint-Denis-Bovesse,,,,,be,4.767788,50.5213,30.82080925
Saint-Ghislain,,,,,be,3.820253,50.44286,71.51445087
Sint-Job,Saint-Job,,,,be,4.362761,50.79441,59.68208092
Sart-Bernard,,,,,be,4.949739,50.406373,27.20520231
Schaarbeek/Schaerbeek,Schaerbeek,Schaarbeek,,,be,4.378636,50.878513,135.0433526
Scheldewindeke,,,,,be,3.777842,50.937069,26.70809249
Schelle,,,,,be,4.340261,51.12551,15.45086705
Schellebelle,,,,,be,3.921373,51.003149,35.61849711
Schendelbeke,,,,,be,3.899286,50.797844,26.86416185
Schoonaarde,,,,,be,4.011094,51.003149,21.43352601
Schulen,,,,,be,5.187405,50.963758,32.47398844
Sclaigneaux,,,,,be,5.026363,50.492247,24.32080925
Sclessin,,,,,be,5.558911,50.609844,21.87861272
Serskamp,,,,,be,3.959361,50.984397,20.5433526
Silly,,Opzullik,,,be,3.935863,50.662386,35.12716763
Simonis,,,,,be,4.32898,50.863645,19.43352601
Sinaai,,,,,be,4.06894,51.143398,39.11849711
Sint-Denijs-Boekel,,,,,be,3.698395,50.874297,22.97109827
Sint-Gillis-Dendermonde,Saint-Gilles-lez-Termonde,,,,be,4.117832,51.021693,36.34104046
Sint-Joris-Weert,,,,,be,4.651728,50.800631,49.89595376
Sint-Katelijne-Waver,Wavre-Sainte-Catherine,,,,be,4.496116,51.069975,31.93930636
Sint-Mariaburg,,,,,be,4.4349,51.291658,22.24277457
Sint-Martens-Bodegem,Bodeghem-Saint-Martin,,,,be,4.205081,50.86716,39.12138728
Sint-Niklaas,Saint-Nicolas,,,,be,4.142966,51.171472,127.583815
Sint-Truiden,Saint-Trond,,,,be,5.176654,50.81762,37.95375723
Sleidinge,,,,,be,3.667526,51.126607,20.71098266
Soignies,,Zinnik,,,be,4.067519,50.572763,61.78323699
Solre-sur-Sambre,,,,,be,4.158427,50.312642,20.73410405
Spa,,,,,be,5.855096,50.490305,21.78323699
Spa-Géronstère,,,,,be,5.866207,50.489307,21.78323699
Statte,,,,,be,5.219676,50.528276,43.37861272
Stockem,,,,,be,5.769115,49.690939,19.02890173
Sy,,,,,be,5.523565,50.403254,25.34682081
Tamines,,,,,be,4.608823,50.432235,50.99710983
Temse,,,,,be,4.221352,51.126085,24.45375723
Terhagen,,,,,be,3.896653,50.901643,18.1734104
Ternat,,,,,be,4.16534,50.874522,39.31213873
Testelt,,,,,be,4.945829,51.009864,32.47398844
Theux,,,,,be,5.815031,50.536159,21.78323699
Thieu,,,,,be,4.098523,50.46954,25.8583815
Thuin,,,,,be,4.288906,50.342738,20.73410405
Thulin,,,,,be,3.744708,50.423335,24.67052023
Tielen,,,,,be,4.893089,51.241021,48.52601156
Tielt,,,,,be,3.330341,50.990842,19.89017341
Tienen,Tirlemont,,Thienen,,be,4.92581,50.80802,77.36416185
Tilff,,,,,be,5.583937,50.570624,25.43930636
Tilly,,,,,be,4.552676,50.558084,20.16184971
Tollembeek,,,,,be,3.992828,50.735522,21.73699422
Tongeren,Tongres,,Tongern,,be,5.47328,50.784405,49.94508671
Torhout,,,,,be,3.105871,51.064707,34.90462428
Tournai,,Doornik,,,be,3.396942,50.613134,109.7890173
Trois-Ponts,,,,,be,5.873578,50.368214,21.60693642
Trooz,,,,,be,5.688346,50.573213,33.01445087
Tubize,,Tubeke,,,be,4.205729,50.691708,76.80057803
Turnhout,,,,,be,4.937415,51.322032,48.52601156
Ukkel-Kalevoet/Uccle-Calevoet,Uccle-Calevoet,Ukkel-Kalevoet,,,be,4.332207,50.791749,29.75722543
Ukkel-Stalle/Uccle-Stalle,Uccle-Stalle,Ukkel-Stalle,,,be,4.323901,50.802411,21.7283237
Veltem,,,,,be,4.633516,50.900519,49.15317919
Vertrijk,,,,,be,4.835522,50.836282,18.13872832
Verviers-Central,,Verviers-Centraal,,,be,5.854917,50.588135,82.1734104
Verviers-Palais,,Verviers-Paleis,,,be,5.865335,50.590921,21.01445087
Veurne,Furnes,,,,be,2.66994,51.073867,19.82369942
Viane-Moerbeke,,,,,be,3.917337,50.751981,21.73699422
Vichte,,,,,be,3.39163,50.833657,22.65028902
Vielsalm,,,,,be,5.909211,50.278933,21.60693642
Vijfhuizen,,,,,be,3.98125,50.943254,7.297687861
Ville-Pommerœul,,,,,be,3.724248,50.464542,4.947976879
Villers-la-Ville,,,,,be,4.533349,50.578103,20.16184971
Vilvoorde,Vilvorde,,,,be,4.432823,50.924583,130.4132948
Virton,,,,,be,5.519125,49.560821,24.04046243
Visé,,Wezet,,,be,5.692544,50.73776,35.62716763
Viville,,,,,be,5.786527,49.688243,19.02890173
Voroux,,,,,be,5.429556,50.66181,21.08381503
Waarschoot,,,,,be,3.615353,51.154608,20.71098266
Walcourt,,,,,be,4.435879,50.259219,33.21676301
Waregem,,,,,be,3.42551,50.892456,59.24566474
Waremme,,Borgworm,,,be,5.249475,50.694549,50.84104046
Waterloo,,,,,be,4.383481,50.715422,51.69653179
Watermaal/Watermael,Watermael,Watermaal,,,be,4.399887,50.80917,18.28323699
Wavre,,Waver,,,be,4.604778,50.716267,54.97398844
Weerde,,,,,be,4.470937,50.977449,41.92485549
Welkenraedt,,,,,be,5.975381,50.659707,51.56647399
Welle,,,,,be,4.05062,50.903279,18.1734104
Wervik,,,,,be,3.046983,50.781861,22.44508671
Wespelaar-Tildonk,,,,,be,4.638011,50.958544,43.94219653
Wetteren,,,,,be,3.881883,51.001603,74.60693642
Wevelgem,,,,,be,3.18352,50.811526,22.44508671
Wezemaal,,,,,be,4.747679,50.956261,66.71676301
Wichelen,,,,,be,3.969195,51.001962,15.07514451
Wijgmaal,,,,,be,4.701475,50.92274,43.94219653
Wildert,,,,,be,4.46335,51.428087,22.24277457
Willebroek,,,,,be,4.356019,51.066343,27.86705202
Wolfstee,,,,,be,4.786144,51.168361,12.65895954
Wondelgem,,,,,be,3.719071,51.088357,20.71098266
Yves-Gomezée,,,,,be,4.492709,50.237133,13.89884393
Yvoir,,,,,be,4.878643,50.32084,34.16763006
Zandbergen,,,,,be,3.957653,50.806986,26.86416185
Zaventem,,,,,be,4.469886,50.885723,72.32947977
Zedelgem,,,,,be,3.16414,51.127047,32.83236994
Zeebrugge-Dorp,,,,,be,3.19517,51.326383,7.760115607
Zeebrugge-Strand,,,,,be,3.186666,51.324549,5.74566474
Zele,,,,,be,4.041999,51.073256,24.2283237
Zellik,,,,,be,4.274541,50.890028,38.58959538
Zichem,,,,,be,4.987359,51.00669,32.47398844
Zingem,,,,,be,3.646384,50.908025,24.41618497
Zolder,,,,,be,5.3299,51.033548,28.39306358
Zonhoven,,,,,be,5.348815,50.989557,28.39306358
Zottegem,,,,,be,3.81441,50.869102,78.16473988
Zwankendamme,,,,,be,3.191557,51.306409,0
Zwijndrecht,,,,,be,4.32978,51.214108,30.43352601
Amsterdam CS,,,,,nl,4.900272,52.379128,44.92774566
Den Haag HS,,,,,nl,4.299999,52.083329,28.87572254
Dordrecht,,,,,nl,4.666668,51.799998,28.87572254
Eijsden,,,,,nl,5.709786,50.772135,32.37283237
Maastricht,,,,,nl,5.683331,50.85,32.37283237
Maastricht Randwyck,,,,,nl,5.716707,50.838502,32.37283237
Roosendaal,,,,,nl,4.466667,51.533333,49.06069364
Rotterdam CS,,,,,nl,4.469424,51.925093,45.0867052
Schiphol,,,,,nl,4.762268,52.308294,45.0867052
Aéroport Charles-de-Gaulle TGV,,,,,fr,2.571123,49.003955,11.80635838
Haute-Picardie TGV,,,,,fr,2.802566,49.623044,1.962427746
Aix-en-Provence TGV,,,,,fr,5.317243,43.455128,3.971098266
Annappes,,,,,fr,3.1473086,50.6228168,3.36416185
Antibes,,,,,fr,7.1201361,43.586618,1
Ascq,,,,,fr,3.166666,50.616666,18.38728324
Avignon TGV,,,,,fr,4.785841,43.921433,5.020231214
Baisieux,,,,,fr,3.2378999,50.610039,19.58092486
Cannes,,,,,fr,7.019895,43.553742,1
Colmar,,,,,fr,7.366668,48.083335,2.057803468
Croix l'Allumette,,,,,fr,3.13381,50.675708,1.057803468
Croix Wasquehal,,,,,fr,3.149272,50.6764687,2.037572254
Hellemmes,,,,,fr,3.108892,50.626941,5.696531792
Les Arcs - Draguignan,,,,,fr,6.4826446,43.4555673,1
Lezennes,,,,,fr,3.116667,50.616666,7.36416185
Lille Europe,,Rijsel-Europa,,,fr,3.071516,50.636108,12.60982659
Lille Flandres,,Rijsel-Vlaanderen,,,fr,3.066669,50.633333,57.44797688
Lyon Part Dieu TGV,,,,,fr,4.8594013,45.7612738,11.30924855
Lyon-Perrache TGV,,,,,fr,4.825301,45.74836,1
Lyon-Saint Exupéry TGV,,,,,fr,5.075822,45.720907,0.497109827
Marne-la-Vallée - Chessy,,,,,fr,2.782184,48.868256,11.80635838
Marseille-Saint-Charles,,,,,fr,5.380752,43.303178,5.965317919
Metz,,,,,fr,6.166663,49.13333,2.057803468
Montpellier,,,,,fr,3.880534,43.604947,3.898843931
Mulhouse,,,,,fr,7.333336,47.749998,2.057803468
Nice Ville,,,,,fr,7.261928,43.704605,1
Nîmes,,,,,fr,4.365997,43.832602,3.898843931
Paris Nord,,Parijs Noord,,,fr,2.3553093,48.8809984,27.99421965
Pont de Bois,,,,,fr,3.1275,50.624164,12.28612717
Roubaix,,,,,fr,3.166666,50.699997,20.45953757
Saint-Louis-Haut-Rhin,,,,,fr,7.555316,47.5907,0.222543353
Saint-Raphaël-Valescure,,,,,fr,6.768825,43.423456,1
Saverne,,,,,fr,7.362255,48.744798,0.511560694
Selestat,,,,,fr,7.449999,48.26667,2.057803468
Strasbourg,,Straatsburg,Straßburg,,fr,7.733905,48.585437,2.057803468
Thionville,,,,,fr,6.166663,49.366663,2.057803468
Narbonne,,,,,fr,3.00601,43.190399,0.355491329
Béziers,,,,,fr,3.218794,43.336177,0.355491329
Chambéry-Challes-les-Eaux,,,,,fr,5.919756,45.571498,0.014450867
Albertville,,,,,fr,6.383617,45.673624,0.014450867
Moûtiers-Salins-Brides-les-Bai,,,,,fr,6.531454,45.486693,0.014450867
Aime-la-Plagne,,,,,fr,6.648394,45.554202,0.014450867
Landry,,,,,fr,6.733522,45.574194,0.014450867
Bourg-Saint-Maurice,,,,,fr,6.771664,45.618826,0.014450867
Agde,,,,,fr,3.4658,43.317498,0.355491329
Sète,,,,,fr,3.696535,43.41281,0.355491329
Perpignan,,,,,fr,2.879397,42.695938,0.355491329
Toulon,,,,,fr,5.9326648,43.1274781,2.968208092
Tourcoing,,,,,fr,3.168033,50.716663,20.45953757
Valence TGV,,,,,fr,4.978529,44.992586,6.895953757
Aachen Hbf,Aix-la-Chapelle Hbf,Aken Hbf,,,de,6.105275,50.770832,33.26300578
Düsseldorf Hbf,,,,,de,6.794319,51.219962,4.222543353
Düsseldorf Flughafen Hbf,,,,,de,6.786837,51.292008,1.398843931
Essen Hbf,,,,,de,4.4512862,51.451355,4.222543353
Duisburg Hbf,,,,,de,6.7759037,51.42978,2.812138728
Frankfurt am Main Flughafen,Francfort-sur-le-Main Aéroport,Frankfurt am Main Luchthaven,,Frankfurt am Main Airport,de,8.569853,50.051696,5.716763006
Frankfurt am Main Hbf,Francfort-sur-le-Main Hbf,,,,de,8.6653708,50.1071318,5.716763006
Köln Hbf,Cologne Hbf,Keulen Hbf,,,de,6.958823,50.942721,12.54046243
Siegburg,,,,,de,7.203029,50.793916,1.74566474
Limburg Süd,,,,,de,8.096112,50.3825,0.777456647
Bertrange Strassen,,,,,lu,6.060601,49.613002,28.58959538
Clervaux,,,,,lu,6.031393,50.054724,17.14739884
Drauffelt,,,,,lu,6.006106,50.017778,17.14739884
Ettelbréck,Ettelbruck,Ettelbruck,Ettelbrück,,lu,6.104169,49.847496,17.14739884
Capellen,,,,,lu,5.982265,49.638463,26.22254335
Kautebaach,Kautenbach,Kautenbach,Kautenbach,,lu,6.020003,49.952777,17.14739884
Klengbetten,Kleinbettingen,Kleinbettingen,Kleinbettingen,,lu,5.916385,49.646389,26.83236994
Lëtzebuerg,Luxembourg,Luxemburg,Luxemburg,,lu,6.133331,49.599996,146.6011561
Mamer,,,,,lu,6.02014,49.625663,26.22254335
Mamer-Lycée,,,,,lu,6.02968,49.618415,21.16184971
Mersch,,,,,lu,6.106111,49.748893,17.10404624
Rodange,,,,,lu,5.845028,49.551283,82.24277457
Troisvierges,,,,,lu,6.000281,50.121109,17.14739884
Wilwerwiltz,,,,,lu,5.999166,49.988887,17.14739884
Basel,,Bazel,,,ch,7.590716,47.547408,2.057803468
Ebbsfleet International,,,,,gb,0.32107,51.44304,0
London Saint Pancras International,Londres Saint Pancras,Londen Saint Pancras,,,gb,-0.1260606,51.5310399,0
Thurn en Taxis/Tour et Taxis,Tour et Taxis,Thurn en Taxis,Tour et Taxis,Thurn en Taxis,be,4.3485929,50.8642714,0
Mouterij/Germoir,Germoir,Mouterij,Germoir,Mouterij,be,4.37866,50.829929,0
Arcaden/Arcades,Arcades,Arcaden,,,be,4.398333,50.809722,0
